﻿<?xml version="1.0" encoding="utf-8"?><DEFECTS><DEFECT>
    <SFA>
      <FILEPATH>C:\Users\EB8460P\Downloads\CS-330-master (1)\CS-330-master\includes\</FILEPATH>
      <FILENAME>stb_image.h</FILENAME>
      <LINE>981</LINE>
      <COLUMN>28</COLUMN>
    </SFA>
    <DEFECTCODE>26451</DEFECTCODE>
    <DESCRIPTION>Arithmetic overflow: Using operator '+' on a 4 byte value and then casting the result to a 8 byte value. Cast the value to the wider type before calling operator '+' to avoid overflow (io.2).</DESCRIPTION>
    <FUNCTION>stbi__malloc_mad2</FUNCTION>
    <DECORATED>?stbi__malloc_mad2@@YAPEAXHHH@Z</DECORATED>
    <FUNCLINE>978</FUNCLINE>
    <PATH></PATH>
  </DEFECT><DEFECT>
    <SFA>
      <FILEPATH>C:\Users\EB8460P\Downloads\CS-330-master (1)\CS-330-master\includes\</FILEPATH>
      <FILENAME>stb_image.h</FILENAME>
      <LINE>981</LINE>
      <COLUMN>25</COLUMN>
    </SFA>
    <DEFECTCODE>26451</DEFECTCODE>
    <DESCRIPTION>Arithmetic overflow: Using operator '*' on a 4 byte value and then casting the result to a 8 byte value. Cast the value to the wider type before calling operator '*' to avoid overflow (io.2).</DESCRIPTION>
    <FUNCTION>stbi__malloc_mad2</FUNCTION>
    <DECORATED>?stbi__malloc_mad2@@YAPEAXHHH@Z</DECORATED>
    <FUNCLINE>978</FUNCLINE>
    <PATH></PATH>
  </DEFECT><DEFECT>
    <SFA>
      <FILEPATH>C:\Users\EB8460P\Downloads\CS-330-master (1)\CS-330-master\includes\</FILEPATH>
      <FILENAME>stb_image.h</FILENAME>
      <LINE>987</LINE>
      <COLUMN>30</COLUMN>
    </SFA>
    <DEFECTCODE>26451</DEFECTCODE>
    <DESCRIPTION>Arithmetic overflow: Using operator '+' on a 4 byte value and then casting the result to a 8 byte value. Cast the value to the wider type before calling operator '+' to avoid overflow (io.2).</DESCRIPTION>
    <FUNCTION>stbi__malloc_mad3</FUNCTION>
    <DECORATED>?stbi__malloc_mad3@@YAPEAXHHHH@Z</DECORATED>
    <FUNCLINE>984</FUNCLINE>
    <PATH></PATH>
  </DEFECT><DEFECT>
    <SFA>
      <FILEPATH>C:\Users\EB8460P\Downloads\CS-330-master (1)\CS-330-master\includes\</FILEPATH>
      <FILENAME>stb_image.h</FILENAME>
      <LINE>987</LINE>
      <COLUMN>27</COLUMN>
    </SFA>
    <DEFECTCODE>26451</DEFECTCODE>
    <DESCRIPTION>Arithmetic overflow: Using operator '*' on a 4 byte value and then casting the result to a 8 byte value. Cast the value to the wider type before calling operator '*' to avoid overflow (io.2).</DESCRIPTION>
    <FUNCTION>stbi__malloc_mad3</FUNCTION>
    <DECORATED>?stbi__malloc_mad3@@YAPEAXHHHH@Z</DECORATED>
    <FUNCLINE>984</FUNCLINE>
    <PATH></PATH>
  </DEFECT><DEFECT>
    <SFA>
      <FILEPATH>C:\Users\EB8460P\Downloads\CS-330-master (1)\CS-330-master\includes\</FILEPATH>
      <FILENAME>stb_image.h</FILENAME>
      <LINE>987</LINE>
      <COLUMN>25</COLUMN>
    </SFA>
    <DEFECTCODE>26451</DEFECTCODE>
    <DESCRIPTION>Arithmetic overflow: Using operator '*' on a 4 byte value and then casting the result to a 8 byte value. Cast the value to the wider type before calling operator '*' to avoid overflow (io.2).</DESCRIPTION>
    <FUNCTION>stbi__malloc_mad3</FUNCTION>
    <DECORATED>?stbi__malloc_mad3@@YAPEAXHHHH@Z</DECORATED>
    <FUNCLINE>984</FUNCLINE>
    <PATH></PATH>
  </DEFECT><DEFECT>
    <SFA>
      <FILEPATH>C:\Users\EB8460P\Downloads\CS-330-master (1)\CS-330-master\includes\</FILEPATH>
      <FILENAME>stb_image.h</FILENAME>
      <LINE>993</LINE>
      <COLUMN>32</COLUMN>
    </SFA>
    <DEFECTCODE>26451</DEFECTCODE>
    <DESCRIPTION>Arithmetic overflow: Using operator '+' on a 4 byte value and then casting the result to a 8 byte value. Cast the value to the wider type before calling operator '+' to avoid overflow (io.2).</DESCRIPTION>
    <FUNCTION>stbi__malloc_mad4</FUNCTION>
    <DECORATED>?stbi__malloc_mad4@@YAPEAXHHHHH@Z</DECORATED>
    <FUNCLINE>990</FUNCLINE>
    <PATH></PATH>
  </DEFECT><DEFECT>
    <SFA>
      <FILEPATH>C:\Users\EB8460P\Downloads\CS-330-master (1)\CS-330-master\includes\</FILEPATH>
      <FILENAME>stb_image.h</FILENAME>
      <LINE>993</LINE>
      <COLUMN>29</COLUMN>
    </SFA>
    <DEFECTCODE>26451</DEFECTCODE>
    <DESCRIPTION>Arithmetic overflow: Using operator '*' on a 4 byte value and then casting the result to a 8 byte value. Cast the value to the wider type before calling operator '*' to avoid overflow (io.2).</DESCRIPTION>
    <FUNCTION>stbi__malloc_mad4</FUNCTION>
    <DECORATED>?stbi__malloc_mad4@@YAPEAXHHHHH@Z</DECORATED>
    <FUNCLINE>990</FUNCLINE>
    <PATH></PATH>
  </DEFECT><DEFECT>
    <SFA>
      <FILEPATH>C:\Users\EB8460P\Downloads\CS-330-master (1)\CS-330-master\includes\</FILEPATH>
      <FILENAME>stb_image.h</FILENAME>
      <LINE>993</LINE>
      <COLUMN>27</COLUMN>
    </SFA>
    <DEFECTCODE>26451</DEFECTCODE>
    <DESCRIPTION>Arithmetic overflow: Using operator '*' on a 4 byte value and then casting the result to a 8 byte value. Cast the value to the wider type before calling operator '*' to avoid overflow (io.2).</DESCRIPTION>
    <FUNCTION>stbi__malloc_mad4</FUNCTION>
    <DECORATED>?stbi__malloc_mad4@@YAPEAXHHHHH@Z</DECORATED>
    <FUNCLINE>990</FUNCLINE>
    <PATH></PATH>
  </DEFECT><DEFECT>
    <SFA>
      <FILEPATH>C:\Users\EB8460P\Downloads\CS-330-master (1)\CS-330-master\includes\</FILEPATH>
      <FILENAME>stb_image.h</FILENAME>
      <LINE>993</LINE>
      <COLUMN>25</COLUMN>
    </SFA>
    <DEFECTCODE>26451</DEFECTCODE>
    <DESCRIPTION>Arithmetic overflow: Using operator '*' on a 4 byte value and then casting the result to a 8 byte value. Cast the value to the wider type before calling operator '*' to avoid overflow (io.2).</DESCRIPTION>
    <FUNCTION>stbi__malloc_mad4</FUNCTION>
    <DECORATED>?stbi__malloc_mad4@@YAPEAXHHHHH@Z</DECORATED>
    <FUNCLINE>990</FUNCLINE>
    <PATH></PATH>
  </DEFECT><DEFECT>
    <SFA>
      <FILEPATH>C:\Users\EB8460P\Downloads\CS-330-master (1)\CS-330-master\includes\</FILEPATH>
      <FILENAME>stb_image.h</FILENAME>
      <LINE>1098</LINE>
      <COLUMN>52</COLUMN>
    </SFA>
    <DEFECTCODE>26451</DEFECTCODE>
    <DESCRIPTION>Arithmetic overflow: Using operator '*' on a 4 byte value and then casting the result to a 8 byte value. Cast the value to the wider type before calling operator '*' to avoid overflow (io.2).</DESCRIPTION>
    <FUNCTION>stbi__convert_8_to_16</FUNCTION>
    <DECORATED>?stbi__convert_8_to_16@@YAPEAGPEAEHHH@Z</DECORATED>
    <FUNCLINE>1092</FUNCLINE>
    <PATH></PATH>
  </DEFECT><DEFECT>
    <SFA>
      <FILEPATH>C:\Users\EB8460P\Downloads\CS-330-master (1)\CS-330-master\includes\</FILEPATH>
      <FILENAME>stb_image.h</FILENAME>
      <LINE>1564</LINE>
      <COLUMN>42</COLUMN>
    </SFA>
    <DEFECTCODE>26451</DEFECTCODE>
    <DESCRIPTION>Arithmetic overflow: Using operator '*' on a 4 byte value and then casting the result to a 8 byte value. Cast the value to the wider type before calling operator '*' to avoid overflow (io.2).</DESCRIPTION>
    <FUNCTION>stbi__convert_format</FUNCTION>
    <DECORATED>?stbi__convert_format@@YAPEAEPEAEHHII@Z</DECORATED>
    <FUNCLINE>1549</FUNCLINE>
    <PATH></PATH>
  </DEFECT><DEFECT>
    <SFA>
      <FILEPATH>C:\Users\EB8460P\Downloads\CS-330-master (1)\CS-330-master\includes\</FILEPATH>
      <FILENAME>stb_image.h</FILENAME>
      <LINE>1564</LINE>
      <COLUMN>38</COLUMN>
    </SFA>
    <DEFECTCODE>26451</DEFECTCODE>
    <DESCRIPTION>Arithmetic overflow: Using operator '*' on a 4 byte value and then casting the result to a 8 byte value. Cast the value to the wider type before calling operator '*' to avoid overflow (io.2).</DESCRIPTION>
    <FUNCTION>stbi__convert_format</FUNCTION>
    <DECORATED>?stbi__convert_format@@YAPEAEPEAEHHII@Z</DECORATED>
    <FUNCLINE>1549</FUNCLINE>
    <PATH></PATH>
  </DEFECT><DEFECT>
    <SFA>
      <FILEPATH>C:\Users\EB8460P\Downloads\CS-330-master (1)\CS-330-master\includes\</FILEPATH>
      <FILENAME>stb_image.h</FILENAME>
      <LINE>1565</LINE>
      <COLUMN>43</COLUMN>
    </SFA>
    <DEFECTCODE>26451</DEFECTCODE>
    <DESCRIPTION>Arithmetic overflow: Using operator '*' on a 4 byte value and then casting the result to a 8 byte value. Cast the value to the wider type before calling operator '*' to avoid overflow (io.2).</DESCRIPTION>
    <FUNCTION>stbi__convert_format</FUNCTION>
    <DECORATED>?stbi__convert_format@@YAPEAEPEAEHHII@Z</DECORATED>
    <FUNCLINE>1549</FUNCLINE>
    <PATH></PATH>
  </DEFECT><DEFECT>
    <SFA>
      <FILEPATH>C:\Users\EB8460P\Downloads\CS-330-master (1)\CS-330-master\includes\</FILEPATH>
      <FILENAME>stb_image.h</FILENAME>
      <LINE>1565</LINE>
      <COLUMN>39</COLUMN>
    </SFA>
    <DEFECTCODE>26451</DEFECTCODE>
    <DESCRIPTION>Arithmetic overflow: Using operator '*' on a 4 byte value and then casting the result to a 8 byte value. Cast the value to the wider type before calling operator '*' to avoid overflow (io.2).</DESCRIPTION>
    <FUNCTION>stbi__convert_format</FUNCTION>
    <DECORATED>?stbi__convert_format@@YAPEAEPEAEHHII@Z</DECORATED>
    <FUNCLINE>1549</FUNCLINE>
    <PATH></PATH>
  </DEFECT><DEFECT>
    <SFA>
      <FILEPATH>C:\Users\EB8460P\Downloads\CS-330-master (1)\CS-330-master\includes\</FILEPATH>
      <FILENAME>stb_image.h</FILENAME>
      <LINE>1606</LINE>
      <COLUMN>57</COLUMN>
    </SFA>
    <DEFECTCODE>26451</DEFECTCODE>
    <DESCRIPTION>Arithmetic overflow: Using operator '*' on a 4 byte value and then casting the result to a 8 byte value. Cast the value to the wider type before calling operator '*' to avoid overflow (io.2).</DESCRIPTION>
    <FUNCTION>stbi__convert_format16</FUNCTION>
    <DECORATED>?stbi__convert_format16@@YAPEAGPEAGHHII@Z</DECORATED>
    <FUNCLINE>1598</FUNCLINE>
    <PATH></PATH>
  </DEFECT><DEFECT>
    <SFA>
      <FILEPATH>C:\Users\EB8460P\Downloads\CS-330-master (1)\CS-330-master\includes\</FILEPATH>
      <FILENAME>stb_image.h</FILENAME>
      <LINE>1606</LINE>
      <COLUMN>53</COLUMN>
    </SFA>
    <DEFECTCODE>26451</DEFECTCODE>
    <DESCRIPTION>Arithmetic overflow: Using operator '*' on a 4 byte value and then casting the result to a 8 byte value. Cast the value to the wider type before calling operator '*' to avoid overflow (io.2).</DESCRIPTION>
    <FUNCTION>stbi__convert_format16</FUNCTION>
    <DECORATED>?stbi__convert_format16@@YAPEAGPEAGHHII@Z</DECORATED>
    <FUNCLINE>1598</FUNCLINE>
    <PATH></PATH>
  </DEFECT><DEFECT>
    <SFA>
      <FILEPATH>C:\Users\EB8460P\Downloads\CS-330-master (1)\CS-330-master\includes\</FILEPATH>
      <FILENAME>stb_image.h</FILENAME>
      <LINE>1606</LINE>
      <COLUMN>49</COLUMN>
    </SFA>
    <DEFECTCODE>26451</DEFECTCODE>
    <DESCRIPTION>Arithmetic overflow: Using operator '*' on a 4 byte value and then casting the result to a 8 byte value. Cast the value to the wider type before calling operator '*' to avoid overflow (io.2).</DESCRIPTION>
    <FUNCTION>stbi__convert_format16</FUNCTION>
    <DECORATED>?stbi__convert_format16@@YAPEAGPEAGHHII@Z</DECORATED>
    <FUNCLINE>1598</FUNCLINE>
    <PATH></PATH>
  </DEFECT><DEFECT>
    <SFA>
      <FILEPATH>C:\Users\EB8460P\Downloads\CS-330-master (1)\CS-330-master\includes\</FILEPATH>
      <FILENAME>stb_image.h</FILENAME>
      <LINE>1613</LINE>
      <COLUMN>41</COLUMN>
    </SFA>
    <DEFECTCODE>26451</DEFECTCODE>
    <DESCRIPTION>Arithmetic overflow: Using operator '*' on a 4 byte value and then casting the result to a 8 byte value. Cast the value to the wider type before calling operator '*' to avoid overflow (io.2).</DESCRIPTION>
    <FUNCTION>stbi__convert_format16</FUNCTION>
    <DECORATED>?stbi__convert_format16@@YAPEAGPEAGHHII@Z</DECORATED>
    <FUNCLINE>1598</FUNCLINE>
    <PATH></PATH>
  </DEFECT><DEFECT>
    <SFA>
      <FILEPATH>C:\Users\EB8460P\Downloads\CS-330-master (1)\CS-330-master\includes\</FILEPATH>
      <FILENAME>stb_image.h</FILENAME>
      <LINE>1613</LINE>
      <COLUMN>37</COLUMN>
    </SFA>
    <DEFECTCODE>26451</DEFECTCODE>
    <DESCRIPTION>Arithmetic overflow: Using operator '*' on a 4 byte value and then casting the result to a 8 byte value. Cast the value to the wider type before calling operator '*' to avoid overflow (io.2).</DESCRIPTION>
    <FUNCTION>stbi__convert_format16</FUNCTION>
    <DECORATED>?stbi__convert_format16@@YAPEAGPEAGHHII@Z</DECORATED>
    <FUNCLINE>1598</FUNCLINE>
    <PATH></PATH>
  </DEFECT><DEFECT>
    <SFA>
      <FILEPATH>C:\Users\EB8460P\Downloads\CS-330-master (1)\CS-330-master\includes\</FILEPATH>
      <FILENAME>stb_image.h</FILENAME>
      <LINE>1614</LINE>
      <COLUMN>42</COLUMN>
    </SFA>
    <DEFECTCODE>26451</DEFECTCODE>
    <DESCRIPTION>Arithmetic overflow: Using operator '*' on a 4 byte value and then casting the result to a 8 byte value. Cast the value to the wider type before calling operator '*' to avoid overflow (io.2).</DESCRIPTION>
    <FUNCTION>stbi__convert_format16</FUNCTION>
    <DECORATED>?stbi__convert_format16@@YAPEAGPEAGHHII@Z</DECORATED>
    <FUNCLINE>1598</FUNCLINE>
    <PATH></PATH>
  </DEFECT><DEFECT>
    <SFA>
      <FILEPATH>C:\Users\EB8460P\Downloads\CS-330-master (1)\CS-330-master\includes\</FILEPATH>
      <FILENAME>stb_image.h</FILENAME>
      <LINE>1614</LINE>
      <COLUMN>38</COLUMN>
    </SFA>
    <DEFECTCODE>26451</DEFECTCODE>
    <DESCRIPTION>Arithmetic overflow: Using operator '*' on a 4 byte value and then casting the result to a 8 byte value. Cast the value to the wider type before calling operator '*' to avoid overflow (io.2).</DESCRIPTION>
    <FUNCTION>stbi__convert_format16</FUNCTION>
    <DECORATED>?stbi__convert_format16@@YAPEAGPEAGHHII@Z</DECORATED>
    <FUNCLINE>1598</FUNCLINE>
    <PATH></PATH>
  </DEFECT><DEFECT>
    <SFA>
      <FILEPATH>C:\Users\EB8460P\Downloads\CS-330-master (1)\CS-330-master\includes\</FILEPATH>
      <FILENAME>stb_image.h</FILENAME>
      <LINE>1841</LINE>
      <COLUMN>36</COLUMN>
    </SFA>
    <DEFECTCODE>26453</DEFECTCODE>
    <DESCRIPTION>Arithmetic overflow: Left shift of a negative signed number is undefined behavior (io.4).</DESCRIPTION>
    <FUNCTION>stbi__build_fast_ac</FUNCTION>
    <DECORATED>?stbi__build_fast_ac@@YAXPEAFPEAUstbi__huffman@@@Z</DECORATED>
    <FUNCLINE>1825</FUNCLINE>
    <PATH></PATH>
  </DEFECT><DEFECT>
    <SFA>
      <FILEPATH>C:\Users\EB8460P\Downloads\CS-330-master (1)\CS-330-master\includes\</FILEPATH>
      <FILENAME>stb_image.h</FILENAME>
      <LINE>2798</LINE>
      <COLUMN>60</COLUMN>
    </SFA>
    <DEFECTCODE>26451</DEFECTCODE>
    <DESCRIPTION>Arithmetic overflow: Using operator '*' on a 4 byte value and then casting the result to a 8 byte value. Cast the value to the wider type before calling operator '*' to avoid overflow (io.2).</DESCRIPTION>
    <FUNCTION>stbi__parse_entropy_coded_data</FUNCTION>
    <DECORATED>?stbi__parse_entropy_coded_data@@YAHPEAUstbi__jpeg@@@Z</DECORATED>
    <FUNCLINE>2723</FUNCLINE>
    <PATH></PATH>
  </DEFECT><DEFECT>
    <SFA>
      <FILEPATH>C:\Users\EB8460P\Downloads\CS-330-master (1)\CS-330-master\includes\</FILEPATH>
      <FILENAME>stb_image.h</FILENAME>
      <LINE>2831</LINE>
      <COLUMN>72</COLUMN>
    </SFA>
    <DEFECTCODE>26451</DEFECTCODE>
    <DESCRIPTION>Arithmetic overflow: Using operator '*' on a 4 byte value and then casting the result to a 8 byte value. Cast the value to the wider type before calling operator '*' to avoid overflow (io.2).</DESCRIPTION>
    <FUNCTION>stbi__parse_entropy_coded_data</FUNCTION>
    <DECORATED>?stbi__parse_entropy_coded_data@@YAHPEAUstbi__jpeg@@@Z</DECORATED>
    <FUNCLINE>2723</FUNCLINE>
    <PATH></PATH>
  </DEFECT><DEFECT>
    <SFA>
      <FILEPATH>C:\Users\EB8460P\Downloads\CS-330-master (1)\CS-330-master\includes\</FILEPATH>
      <FILENAME>stb_image.h</FILENAME>
      <LINE>2741</LINE>
      <COLUMN>83</COLUMN>
    </SFA>
    <DEFECTCODE>26451</DEFECTCODE>
    <DESCRIPTION>Arithmetic overflow: Using operator '*' on a 4 byte value and then casting the result to a 8 byte value. Cast the value to the wider type before calling operator '*' to avoid overflow (io.2).</DESCRIPTION>
    <FUNCTION>stbi__parse_entropy_coded_data</FUNCTION>
    <DECORATED>?stbi__parse_entropy_coded_data@@YAHPEAUstbi__jpeg@@@Z</DECORATED>
    <FUNCLINE>2723</FUNCLINE>
    <PATH></PATH>
  </DEFECT><DEFECT>
    <SFA>
      <FILEPATH>C:\Users\EB8460P\Downloads\CS-330-master (1)\CS-330-master\includes\</FILEPATH>
      <FILENAME>stb_image.h</FILENAME>
      <LINE>2741</LINE>
      <COLUMN>80</COLUMN>
    </SFA>
    <DEFECTCODE>26451</DEFECTCODE>
    <DESCRIPTION>Arithmetic overflow: Using operator '*' on a 4 byte value and then casting the result to a 8 byte value. Cast the value to the wider type before calling operator '*' to avoid overflow (io.2).</DESCRIPTION>
    <FUNCTION>stbi__parse_entropy_coded_data</FUNCTION>
    <DECORATED>?stbi__parse_entropy_coded_data@@YAHPEAUstbi__jpeg@@@Z</DECORATED>
    <FUNCLINE>2723</FUNCLINE>
    <PATH></PATH>
  </DEFECT><DEFECT>
    <SFA>
      <FILEPATH>C:\Users\EB8460P\Downloads\CS-330-master (1)\CS-330-master\includes\</FILEPATH>
      <FILENAME>stb_image.h</FILENAME>
      <LINE>2741</LINE>
      <COLUMN>91</COLUMN>
    </SFA>
    <DEFECTCODE>26451</DEFECTCODE>
    <DESCRIPTION>Arithmetic overflow: Using operator '*' on a 4 byte value and then casting the result to a 8 byte value. Cast the value to the wider type before calling operator '*' to avoid overflow (io.2).</DESCRIPTION>
    <FUNCTION>stbi__parse_entropy_coded_data</FUNCTION>
    <DECORATED>?stbi__parse_entropy_coded_data@@YAHPEAUstbi__jpeg@@@Z</DECORATED>
    <FUNCLINE>2723</FUNCLINE>
    <PATH></PATH>
  </DEFECT><DEFECT>
    <SFA>
      <FILEPATH>C:\Users\EB8460P\Downloads\CS-330-master (1)\CS-330-master\includes\</FILEPATH>
      <FILENAME>stb_image.h</FILENAME>
      <LINE>2770</LINE>
      <COLUMN>92</COLUMN>
    </SFA>
    <DEFECTCODE>26451</DEFECTCODE>
    <DESCRIPTION>Arithmetic overflow: Using operator '*' on a 4 byte value and then casting the result to a 8 byte value. Cast the value to the wider type before calling operator '*' to avoid overflow (io.2).</DESCRIPTION>
    <FUNCTION>stbi__parse_entropy_coded_data</FUNCTION>
    <DECORATED>?stbi__parse_entropy_coded_data@@YAHPEAUstbi__jpeg@@@Z</DECORATED>
    <FUNCLINE>2723</FUNCLINE>
    <PATH></PATH>
  </DEFECT><DEFECT>
    <SFA>
      <FILEPATH>C:\Users\EB8460P\Downloads\CS-330-master (1)\CS-330-master\includes\</FILEPATH>
      <FILENAME>stb_image.h</FILENAME>
      <LINE>2868</LINE>
      <COLUMN>60</COLUMN>
    </SFA>
    <DEFECTCODE>26451</DEFECTCODE>
    <DESCRIPTION>Arithmetic overflow: Using operator '*' on a 4 byte value and then casting the result to a 8 byte value. Cast the value to the wider type before calling operator '*' to avoid overflow (io.2).</DESCRIPTION>
    <FUNCTION>stbi__jpeg_finish</FUNCTION>
    <DECORATED>?stbi__jpeg_finish@@YAXPEAUstbi__jpeg@@@Z</DECORATED>
    <FUNCLINE>2858</FUNCLINE>
    <PATH></PATH>
  </DEFECT><DEFECT>
    <SFA>
      <FILEPATH>C:\Users\EB8460P\Downloads\CS-330-master (1)\CS-330-master\includes\</FILEPATH>
      <FILENAME>stb_image.h</FILENAME>
      <LINE>2870</LINE>
      <COLUMN>83</COLUMN>
    </SFA>
    <DEFECTCODE>26451</DEFECTCODE>
    <DESCRIPTION>Arithmetic overflow: Using operator '*' on a 4 byte value and then casting the result to a 8 byte value. Cast the value to the wider type before calling operator '*' to avoid overflow (io.2).</DESCRIPTION>
    <FUNCTION>stbi__jpeg_finish</FUNCTION>
    <DECORATED>?stbi__jpeg_finish@@YAXPEAUstbi__jpeg@@@Z</DECORATED>
    <FUNCLINE>2858</FUNCLINE>
    <PATH></PATH>
  </DEFECT><DEFECT>
    <SFA>
      <FILEPATH>C:\Users\EB8460P\Downloads\CS-330-master (1)\CS-330-master\includes\</FILEPATH>
      <FILENAME>stb_image.h</FILENAME>
      <LINE>2870</LINE>
      <COLUMN>80</COLUMN>
    </SFA>
    <DEFECTCODE>26451</DEFECTCODE>
    <DESCRIPTION>Arithmetic overflow: Using operator '*' on a 4 byte value and then casting the result to a 8 byte value. Cast the value to the wider type before calling operator '*' to avoid overflow (io.2).</DESCRIPTION>
    <FUNCTION>stbi__jpeg_finish</FUNCTION>
    <DECORATED>?stbi__jpeg_finish@@YAXPEAUstbi__jpeg@@@Z</DECORATED>
    <FUNCLINE>2858</FUNCLINE>
    <PATH></PATH>
  </DEFECT><DEFECT>
    <SFA>
      <FILEPATH>C:\Users\EB8460P\Downloads\CS-330-master (1)\CS-330-master\includes\</FILEPATH>
      <FILENAME>stb_image.h</FILENAME>
      <LINE>2870</LINE>
      <COLUMN>91</COLUMN>
    </SFA>
    <DEFECTCODE>26451</DEFECTCODE>
    <DESCRIPTION>Arithmetic overflow: Using operator '*' on a 4 byte value and then casting the result to a 8 byte value. Cast the value to the wider type before calling operator '*' to avoid overflow (io.2).</DESCRIPTION>
    <FUNCTION>stbi__jpeg_finish</FUNCTION>
    <DECORATED>?stbi__jpeg_finish@@YAXPEAUstbi__jpeg@@@Z</DECORATED>
    <FUNCLINE>2858</FUNCLINE>
    <PATH></PATH>
  </DEFECT><DEFECT>
    <SFA>
      <FILEPATH>C:\Users\EB8460P\Downloads\CS-330-master (1)\CS-330-master\includes\</FILEPATH>
      <FILENAME>stb_image.h</FILENAME>
      <LINE>3301</LINE>
      <COLUMN>46</COLUMN>
    </SFA>
    <DEFECTCODE>26451</DEFECTCODE>
    <DESCRIPTION>Arithmetic overflow: Using operator '*' on a 4 byte value and then casting the result to a 8 byte value. Cast the value to the wider type before calling operator '*' to avoid overflow (io.2).</DESCRIPTION>
    <FUNCTION>stbi__resample_row_hv_2_simd</FUNCTION>
    <DECORATED>?stbi__resample_row_hv_2_simd@@YAPEAEPEAE00HH@Z</DECORATED>
    <FUNCLINE>3244</FUNCLINE>
    <PATH></PATH>
  </DEFECT><DEFECT>
    <SFA>
      <FILEPATH>C:\Users\EB8460P\Downloads\CS-330-master (1)\CS-330-master\includes\</FILEPATH>
      <FILENAME>stb_image.h</FILENAME>
      <LINE>3701</LINE>
      <COLUMN>29</COLUMN>
    </SFA>
    <DEFECTCODE>6001</DEFECTCODE>
    <DESCRIPTION>Using uninitialized memory 'coutput'.</DESCRIPTION>
    <FUNCTION>load_jpeg_image</FUNCTION>
    <DECORATED>?load_jpeg_image@@YAPEAEPEAUstbi__jpeg@@PEAH11H@Z</DECORATED>
    <FUNCLINE>3606</FUNCLINE>
    <PROBABILITY>1</PROBABILITY>
    <RANK>3</RANK>
    <CATEGORY>
      <RULECATEGORY>mspft</RULECATEGORY>
    </CATEGORY>
    <PATH>
      <SFA>
        <FILEPATH>C:\Users\EB8460P\Downloads\CS-330-master (1)\CS-330-master\includes\</FILEPATH>
        <FILENAME>stb_image.h</FILENAME>
        <LINE>3608</LINE>
        <COLUMN>8</COLUMN>
      </SFA>
      <SFA>
        <FILEPATH>C:\Users\EB8460P\Downloads\CS-330-master (1)\CS-330-master\includes\</FILEPATH>
        <FILENAME>stb_image.h</FILENAME>
        <LINE>3608</LINE>
        <COLUMN>11</COLUMN>
      </SFA>
      <SFA>
        <FILEPATH>C:\Users\EB8460P\Downloads\CS-330-master (1)\CS-330-master\includes\</FILEPATH>
        <FILENAME>stb_image.h</FILENAME>
        <LINE>3609</LINE>
        <COLUMN>16</COLUMN>
      </SFA>
      <SFA>
        <FILEPATH>C:\Users\EB8460P\Downloads\CS-330-master (1)\CS-330-master\includes\</FILEPATH>
        <FILENAME>stb_image.h</FILENAME>
        <LINE>3612</LINE>
        <COLUMN>21</COLUMN>
      </SFA>
      <SFA>
        <FILEPATH>C:\Users\EB8460P\Downloads\CS-330-master (1)\CS-330-master\includes\</FILEPATH>
        <FILENAME>stb_image.h</FILENAME>
        <LINE>3615</LINE>
        <COLUMN>8</COLUMN>
      </SFA>
      <SFA>
        <FILEPATH>C:\Users\EB8460P\Downloads\CS-330-master (1)\CS-330-master\includes\</FILEPATH>
        <FILENAME>stb_image.h</FILENAME>
        <LINE>3618</LINE>
        <COLUMN>6</COLUMN>
      </SFA>
      <SFA>
        <FILEPATH>C:\Users\EB8460P\Downloads\CS-330-master (1)\CS-330-master\includes\</FILEPATH>
        <FILENAME>stb_image.h</FILENAME>
        <LINE>3620</LINE>
        <COLUMN>25</COLUMN>
      </SFA>
      <SFA>
        <FILEPATH>C:\Users\EB8460P\Downloads\CS-330-master (1)\CS-330-master\includes\</FILEPATH>
        <FILENAME>stb_image.h</FILENAME>
        <LINE>3623</LINE>
        <COLUMN>17</COLUMN>
      </SFA>
      <SFA>
        <FILEPATH>C:\Users\EB8460P\Downloads\CS-330-master (1)\CS-330-master\includes\</FILEPATH>
        <FILENAME>stb_image.h</FILENAME>
        <LINE>3627</LINE>
        <COLUMN>12</COLUMN>
      </SFA>
      <SFA>
        <FILEPATH>C:\Users\EB8460P\Downloads\CS-330-master (1)\CS-330-master\includes\</FILEPATH>
        <FILENAME>stb_image.h</FILENAME>
        <LINE>3628</LINE>
        <COLUMN>21</COLUMN>
      </SFA>
      <SFA>
        <FILEPATH>C:\Users\EB8460P\Downloads\CS-330-master (1)\CS-330-master\includes\</FILEPATH>
        <FILENAME>stb_image.h</FILENAME>
        <LINE>3628</LINE>
        <COLUMN>24</COLUMN>
      </SFA>
      <SFA>
        <FILEPATH>C:\Users\EB8460P\Downloads\CS-330-master (1)\CS-330-master\includes\</FILEPATH>
        <FILENAME>stb_image.h</FILENAME>
        <LINE>3629</LINE>
        <COLUMN>17</COLUMN>
      </SFA>
      <SFA>
        <FILEPATH>C:\Users\EB8460P\Downloads\CS-330-master (1)\CS-330-master\includes\</FILEPATH>
        <FILENAME>stb_image.h</FILENAME>
        <LINE>3630</LINE>
        <COLUMN>17</COLUMN>
        <KEYEVENT>
          <ID>1</ID>
          <KIND>declaration</KIND>
          <IMPORTANCE>Essential</IMPORTANCE>
          <MESSAGE>'coutput' is not initialized</MESSAGE>
        </KEYEVENT>
      </SFA>
      <SFA>
        <FILEPATH>C:\Users\EB8460P\Downloads\CS-330-master (1)\CS-330-master\includes\</FILEPATH>
        <FILENAME>stb_image.h</FILENAME>
        <LINE>3632</LINE>
        <COLUMN>23</COLUMN>
      </SFA>
      <SFA>
        <FILEPATH>C:\Users\EB8460P\Downloads\CS-330-master (1)\CS-330-master\includes\</FILEPATH>
        <FILENAME>stb_image.h</FILENAME>
        <LINE>3634</LINE>
        <COLUMN>15</COLUMN>
      </SFA>
      <SFA>
        <FILEPATH>C:\Users\EB8460P\Downloads\CS-330-master (1)\CS-330-master\includes\</FILEPATH>
        <FILENAME>stb_image.h</FILENAME>
        <LINE>3634</LINE>
        <COLUMN>22</COLUMN>
        <KEYEVENT>
          <ID>2</ID>
          <KIND>branch</KIND>
          <IMPORTANCE>Full</IMPORTANCE>
          <MESSAGE>Skip this loop, (assume 'k&lt;decode_n' is false)</MESSAGE>
        </KEYEVENT>
      </SFA>
      <SFA>
        <FILEPATH>C:\Users\EB8460P\Downloads\CS-330-master (1)\CS-330-master\includes\</FILEPATH>
        <FILENAME>stb_image.h</FILENAME>
        <LINE>3657</LINE>
        <COLUMN>15</COLUMN>
      </SFA>
      <SFA>
        <FILEPATH>C:\Users\EB8460P\Downloads\CS-330-master (1)\CS-330-master\includes\</FILEPATH>
        <FILENAME>stb_image.h</FILENAME>
        <LINE>3658</LINE>
        <COLUMN>12</COLUMN>
        <KEYEVENT>
          <ID>3</ID>
          <KIND>branch</KIND>
          <IMPORTANCE>Full</IMPORTANCE>
          <MESSAGE>Skip this branch, (assume '!output' is false)</MESSAGE>
        </KEYEVENT>
      </SFA>
      <SFA>
        <FILEPATH>C:\Users\EB8460P\Downloads\CS-330-master (1)\CS-330-master\includes\</FILEPATH>
        <FILENAME>stb_image.h</FILENAME>
        <LINE>3661</LINE>
        <COLUMN>15</COLUMN>
      </SFA>
      <SFA>
        <FILEPATH>C:\Users\EB8460P\Downloads\CS-330-master (1)\CS-330-master\includes\</FILEPATH>
        <FILENAME>stb_image.h</FILENAME>
        <LINE>3661</LINE>
        <COLUMN>22</COLUMN>
        <KEYEVENT>
          <ID>4</ID>
          <KIND>branch</KIND>
          <IMPORTANCE>Full</IMPORTANCE>
          <MESSAGE>Enter this loop, (assume 'j&lt;z-&gt;s-&gt;img_y')</MESSAGE>
        </KEYEVENT>
      </SFA>
      <SFA>
        <FILEPATH>C:\Users\EB8460P\Downloads\CS-330-master (1)\CS-330-master\includes\</FILEPATH>
        <FILENAME>stb_image.h</FILENAME>
        <LINE>3662</LINE>
        <COLUMN>21</COLUMN>
      </SFA>
      <SFA>
        <FILEPATH>C:\Users\EB8460P\Downloads\CS-330-master (1)\CS-330-master\includes\</FILEPATH>
        <FILENAME>stb_image.h</FILENAME>
        <LINE>3663</LINE>
        <COLUMN>19</COLUMN>
      </SFA>
      <SFA>
        <FILEPATH>C:\Users\EB8460P\Downloads\CS-330-master (1)\CS-330-master\includes\</FILEPATH>
        <FILENAME>stb_image.h</FILENAME>
        <LINE>3663</LINE>
        <COLUMN>26</COLUMN>
        <KEYEVENT>
          <ID>5</ID>
          <KIND>branch</KIND>
          <IMPORTANCE>Full</IMPORTANCE>
          <MESSAGE>Skip this loop, (assume 'k&lt;decode_n' is false)</MESSAGE>
        </KEYEVENT>
      </SFA>
      <SFA>
        <FILEPATH>C:\Users\EB8460P\Downloads\CS-330-master (1)\CS-330-master\includes\</FILEPATH>
        <FILENAME>stb_image.h</FILENAME>
        <LINE>3677</LINE>
        <COLUMN>18</COLUMN>
        <KEYEVENT>
          <ID>6</ID>
          <KIND>branch</KIND>
          <IMPORTANCE>Full</IMPORTANCE>
          <MESSAGE>Skip this branch, (assume 'n&gt;=3' is false)</MESSAGE>
        </KEYEVENT>
      </SFA>
      <SFA>
        <FILEPATH>C:\Users\EB8460P\Downloads\CS-330-master (1)\CS-330-master\includes\</FILEPATH>
        <FILENAME>stb_image.h</FILENAME>
        <LINE>3701</LINE>
        <COLUMN>25</COLUMN>
      </SFA>
      <SFA>
        <FILEPATH>C:\Users\EB8460P\Downloads\CS-330-master (1)\CS-330-master\includes\</FILEPATH>
        <FILENAME>stb_image.h</FILENAME>
        <LINE>3701</LINE>
        <COLUMN>29</COLUMN>
        <KEYEVENT>
          <ID>7</ID>
          <KIND>usage</KIND>
          <IMPORTANCE>Essential</IMPORTANCE>
          <MESSAGE>'coutput' is used, but may not have been initialized</MESSAGE>
        </KEYEVENT>
      </SFA>
    </PATH>
  </DEFECT><DEFECT>
    <SFA>
      <FILEPATH>C:\Users\EB8460P\Downloads\CS-330-master (1)\CS-330-master\includes\</FILEPATH>
      <FILENAME>stb_image.h</FILENAME>
      <LINE>3639</LINE>
      <COLUMN>73</COLUMN>
    </SFA>
    <DEFECTCODE>26451</DEFECTCODE>
    <DESCRIPTION>Arithmetic overflow: Using operator '+' on a 4 byte value and then casting the result to a 8 byte value. Cast the value to the wider type before calling operator '+' to avoid overflow (io.2).</DESCRIPTION>
    <FUNCTION>load_jpeg_image</FUNCTION>
    <DECORATED>?load_jpeg_image@@YAPEAEPEAUstbi__jpeg@@PEAH11H@Z</DECORATED>
    <FUNCLINE>3606</FUNCLINE>
    <PATH></PATH>
  </DEFECT><DEFECT>
    <SFA>
      <FILEPATH>C:\Users\EB8460P\Downloads\CS-330-master (1)\CS-330-master\includes\</FILEPATH>
      <FILENAME>stb_image.h</FILENAME>
      <LINE>3662</LINE>
      <COLUMN>52</COLUMN>
    </SFA>
    <DEFECTCODE>26451</DEFECTCODE>
    <DESCRIPTION>Arithmetic overflow: Using operator '*' on a 4 byte value and then casting the result to a 8 byte value. Cast the value to the wider type before calling operator '*' to avoid overflow (io.2).</DESCRIPTION>
    <FUNCTION>load_jpeg_image</FUNCTION>
    <DECORATED>?load_jpeg_image@@YAPEAEPEAUstbi__jpeg@@PEAH11H@Z</DECORATED>
    <FUNCLINE>3606</FUNCLINE>
    <PATH></PATH>
  </DEFECT><DEFECT>
    <SFA>
      <FILEPATH>C:\Users\EB8460P\Downloads\CS-330-master (1)\CS-330-master\includes\</FILEPATH>
      <FILENAME>stb_image.h</FILENAME>
      <LINE>3662</LINE>
      <COLUMN>38</COLUMN>
    </SFA>
    <DEFECTCODE>26451</DEFECTCODE>
    <DESCRIPTION>Arithmetic overflow: Using operator '*' on a 4 byte value and then casting the result to a 8 byte value. Cast the value to the wider type before calling operator '*' to avoid overflow (io.2).</DESCRIPTION>
    <FUNCTION>load_jpeg_image</FUNCTION>
    <DECORATED>?load_jpeg_image@@YAPEAEPEAUstbi__jpeg@@PEAH11H@Z</DECORATED>
    <FUNCLINE>3606</FUNCLINE>
    <PATH></PATH>
  </DEFECT><DEFECT>
    <SFA>
      <FILEPATH>C:\Users\EB8460P\Downloads\CS-330-master (1)\CS-330-master\includes\</FILEPATH>
      <FILENAME>stb_image.h</FILENAME>
      <LINE>3727</LINE>
      <COLUMN>11</COLUMN>
    </SFA>
    <DEFECTCODE>6262</DEFECTCODE>
    <DESCRIPTION>Function uses '18316' bytes of stack.  Consider moving some data to heap.</DESCRIPTION>
    <FUNCTION>stbi__jpeg_test</FUNCTION>
    <DECORATED>?stbi__jpeg_test@@YAHPEAUstbi__context@@@Z</DECORATED>
    <FUNCLINE>3727</FUNCLINE>
    <PATH></PATH>
  </DEFECT><DEFECT>
    <SFA>
      <FILEPATH>C:\Users\EB8460P\Downloads\CS-330-master (1)\CS-330-master\includes\</FILEPATH>
      <FILENAME>stb_image.h</FILENAME>
      <LINE>4333</LINE>
      <COLUMN>38</COLUMN>
    </SFA>
    <DEFECTCODE>26451</DEFECTCODE>
    <DESCRIPTION>Arithmetic overflow: Using operator '*' on a 4 byte value and then casting the result to a 8 byte value. Cast the value to the wider type before calling operator '*' to avoid overflow (io.2).</DESCRIPTION>
    <FUNCTION>stbi__create_png_image_raw</FUNCTION>
    <DECORATED>?stbi__create_png_image_raw@@YAHPEAUstbi__png@@PEAEIHIIHH@Z</DECORATED>
    <FUNCLINE>4306</FUNCLINE>
    <PATH></PATH>
  </DEFECT><DEFECT>
    <SFA>
      <FILEPATH>C:\Users\EB8460P\Downloads\CS-330-master (1)\CS-330-master\includes\</FILEPATH>
      <FILENAME>stb_image.h</FILENAME>
      <LINE>4342</LINE>
      <COLUMN>20</COLUMN>
    </SFA>
    <DEFECTCODE>26451</DEFECTCODE>
    <DESCRIPTION>Arithmetic overflow: Using operator '*' on a 4 byte value and then casting the result to a 8 byte value. Cast the value to the wider type before calling operator '*' to avoid overflow (io.2).</DESCRIPTION>
    <FUNCTION>stbi__create_png_image_raw</FUNCTION>
    <DECORATED>?stbi__create_png_image_raw@@YAHPEAUstbi__png@@PEAEIHIIHH@Z</DECORATED>
    <FUNCLINE>4306</FUNCLINE>
    <PATH></PATH>
  </DEFECT><DEFECT>
    <SFA>
      <FILEPATH>C:\Users\EB8460P\Downloads\CS-330-master (1)\CS-330-master\includes\</FILEPATH>
      <FILENAME>stb_image.h</FILENAME>
      <LINE>4424</LINE>
      <COLUMN>37</COLUMN>
    </SFA>
    <DEFECTCODE>26451</DEFECTCODE>
    <DESCRIPTION>Arithmetic overflow: Using operator '*' on a 4 byte value and then casting the result to a 8 byte value. Cast the value to the wider type before calling operator '*' to avoid overflow (io.2).</DESCRIPTION>
    <FUNCTION>stbi__create_png_image_raw</FUNCTION>
    <DECORATED>?stbi__create_png_image_raw@@YAHPEAUstbi__png@@PEAEIHIIHH@Z</DECORATED>
    <FUNCLINE>4306</FUNCLINE>
    <PATH></PATH>
  </DEFECT><DEFECT>
    <SFA>
      <FILEPATH>C:\Users\EB8460P\Downloads\CS-330-master (1)\CS-330-master\includes\</FILEPATH>
      <FILENAME>stb_image.h</FILENAME>
      <LINE>4437</LINE>
      <COLUMN>42</COLUMN>
    </SFA>
    <DEFECTCODE>26451</DEFECTCODE>
    <DESCRIPTION>Arithmetic overflow: Using operator '*' on a 4 byte value and then casting the result to a 8 byte value. Cast the value to the wider type before calling operator '*' to avoid overflow (io.2).</DESCRIPTION>
    <FUNCTION>stbi__create_png_image_raw</FUNCTION>
    <DECORATED>?stbi__create_png_image_raw@@YAHPEAUstbi__png@@PEAEIHIIHH@Z</DECORATED>
    <FUNCLINE>4306</FUNCLINE>
    <PATH></PATH>
  </DEFECT><DEFECT>
    <SFA>
      <FILEPATH>C:\Users\EB8460P\Downloads\CS-330-master (1)\CS-330-master\includes\</FILEPATH>
      <FILENAME>stb_image.h</FILENAME>
      <LINE>4438</LINE>
      <COLUMN>41</COLUMN>
    </SFA>
    <DEFECTCODE>26451</DEFECTCODE>
    <DESCRIPTION>Arithmetic overflow: Using operator '*' on a 4 byte value and then casting the result to a 8 byte value. Cast the value to the wider type before calling operator '*' to avoid overflow (io.2).</DESCRIPTION>
    <FUNCTION>stbi__create_png_image_raw</FUNCTION>
    <DECORATED>?stbi__create_png_image_raw@@YAHPEAUstbi__png@@PEAEIHIIHH@Z</DECORATED>
    <FUNCLINE>4306</FUNCLINE>
    <PATH></PATH>
  </DEFECT><DEFECT>
    <SFA>
      <FILEPATH>C:\Users\EB8460P\Downloads\CS-330-master (1)\CS-330-master\includes\</FILEPATH>
      <FILENAME>stb_image.h</FILENAME>
      <LINE>4438</LINE>
      <COLUMN>47</COLUMN>
    </SFA>
    <DEFECTCODE>26451</DEFECTCODE>
    <DESCRIPTION>Arithmetic overflow: Using operator '*' on a 4 byte value and then casting the result to a 8 byte value. Cast the value to the wider type before calling operator '*' to avoid overflow (io.2).</DESCRIPTION>
    <FUNCTION>stbi__create_png_image_raw</FUNCTION>
    <DECORATED>?stbi__create_png_image_raw@@YAHPEAUstbi__png@@PEAEIHIIHH@Z</DECORATED>
    <FUNCLINE>4306</FUNCLINE>
    <PATH></PATH>
  </DEFECT><DEFECT>
    <SFA>
      <FILEPATH>C:\Users\EB8460P\Downloads\CS-330-master (1)\CS-330-master\includes\</FILEPATH>
      <FILENAME>stb_image.h</FILENAME>
      <LINE>4489</LINE>
      <COLUMN>37</COLUMN>
    </SFA>
    <DEFECTCODE>26451</DEFECTCODE>
    <DESCRIPTION>Arithmetic overflow: Using operator '*' on a 4 byte value and then casting the result to a 8 byte value. Cast the value to the wider type before calling operator '*' to avoid overflow (io.2).</DESCRIPTION>
    <FUNCTION>stbi__create_png_image_raw</FUNCTION>
    <DECORATED>?stbi__create_png_image_raw@@YAHPEAUstbi__png@@PEAEIHIIHH@Z</DECORATED>
    <FUNCLINE>4306</FUNCLINE>
    <PATH></PATH>
  </DEFECT><DEFECT>
    <SFA>
      <FILEPATH>C:\Users\EB8460P\Downloads\CS-330-master (1)\CS-330-master\includes\</FILEPATH>
      <FILENAME>stb_image.h</FILENAME>
      <LINE>4554</LINE>
      <COLUMN>52</COLUMN>
    </SFA>
    <DEFECTCODE>26451</DEFECTCODE>
    <DESCRIPTION>Arithmetic overflow: Using operator '*' on a 4 byte value and then casting the result to a 8 byte value. Cast the value to the wider type before calling operator '*' to avoid overflow (io.2).</DESCRIPTION>
    <FUNCTION>stbi__create_png_image</FUNCTION>
    <DECORATED>?stbi__create_png_image@@YAHPEAUstbi__png@@PEAEIHHHH@Z</DECORATED>
    <FUNCLINE>4524</FUNCLINE>
    <PATH></PATH>
  </DEFECT><DEFECT>
    <SFA>
      <FILEPATH>C:\Users\EB8460P\Downloads\CS-330-master (1)\CS-330-master\includes\</FILEPATH>
      <FILENAME>stb_image.h</FILENAME>
      <LINE>4554</LINE>
      <COLUMN>40</COLUMN>
    </SFA>
    <DEFECTCODE>26451</DEFECTCODE>
    <DESCRIPTION>Arithmetic overflow: Using operator '*' on a 4 byte value and then casting the result to a 8 byte value. Cast the value to the wider type before calling operator '*' to avoid overflow (io.2).</DESCRIPTION>
    <FUNCTION>stbi__create_png_image</FUNCTION>
    <DECORATED>?stbi__create_png_image@@YAHPEAUstbi__png@@PEAEIHHHH@Z</DECORATED>
    <FUNCLINE>4524</FUNCLINE>
    <PATH></PATH>
  </DEFECT><DEFECT>
    <SFA>
      <FILEPATH>C:\Users\EB8460P\Downloads\CS-330-master (1)\CS-330-master\includes\</FILEPATH>
      <FILENAME>stb_image.h</FILENAME>
      <LINE>4554</LINE>
      <COLUMN>70</COLUMN>
    </SFA>
    <DEFECTCODE>26451</DEFECTCODE>
    <DESCRIPTION>Arithmetic overflow: Using operator '*' on a 4 byte value and then casting the result to a 8 byte value. Cast the value to the wider type before calling operator '*' to avoid overflow (io.2).</DESCRIPTION>
    <FUNCTION>stbi__create_png_image</FUNCTION>
    <DECORATED>?stbi__create_png_image@@YAHPEAUstbi__png@@PEAEIHHHH@Z</DECORATED>
    <FUNCLINE>4524</FUNCLINE>
    <PATH></PATH>
  </DEFECT><DEFECT>
    <SFA>
      <FILEPATH>C:\Users\EB8460P\Downloads\CS-330-master (1)\CS-330-master\includes\</FILEPATH>
      <FILENAME>stb_image.h</FILENAME>
      <LINE>4555</LINE>
      <COLUMN>42</COLUMN>
    </SFA>
    <DEFECTCODE>26451</DEFECTCODE>
    <DESCRIPTION>Arithmetic overflow: Using operator '*' on a 4 byte value and then casting the result to a 8 byte value. Cast the value to the wider type before calling operator '*' to avoid overflow (io.2).</DESCRIPTION>
    <FUNCTION>stbi__create_png_image</FUNCTION>
    <DECORATED>?stbi__create_png_image@@YAHPEAUstbi__png@@PEAEIHHHH@Z</DECORATED>
    <FUNCLINE>4524</FUNCLINE>
    <PATH></PATH>
  </DEFECT><DEFECT>
    <SFA>
      <FILEPATH>C:\Users\EB8460P\Downloads\CS-330-master (1)\CS-330-master\includes\</FILEPATH>
      <FILENAME>stb_image.h</FILENAME>
      <LINE>4555</LINE>
      <COLUMN>38</COLUMN>
    </SFA>
    <DEFECTCODE>26451</DEFECTCODE>
    <DESCRIPTION>Arithmetic overflow: Using operator '+' on a 4 byte value and then casting the result to a 8 byte value. Cast the value to the wider type before calling operator '+' to avoid overflow (io.2).</DESCRIPTION>
    <FUNCTION>stbi__create_png_image</FUNCTION>
    <DECORATED>?stbi__create_png_image@@YAHPEAUstbi__png@@PEAEIHHHH@Z</DECORATED>
    <FUNCLINE>4524</FUNCLINE>
    <PATH></PATH>
  </DEFECT><DEFECT>
    <SFA>
      <FILEPATH>C:\Users\EB8460P\Downloads\CS-330-master (1)\CS-330-master\includes\</FILEPATH>
      <FILENAME>stb_image.h</FILENAME>
      <LINE>4555</LINE>
      <COLUMN>35</COLUMN>
    </SFA>
    <DEFECTCODE>26451</DEFECTCODE>
    <DESCRIPTION>Arithmetic overflow: Using operator '*' on a 4 byte value and then casting the result to a 8 byte value. Cast the value to the wider type before calling operator '*' to avoid overflow (io.2).</DESCRIPTION>
    <FUNCTION>stbi__create_png_image</FUNCTION>
    <DECORATED>?stbi__create_png_image@@YAHPEAUstbi__png@@PEAEIHHHH@Z</DECORATED>
    <FUNCLINE>4524</FUNCLINE>
    <PATH></PATH>
  </DEFECT><DEFECT>
    <SFA>
      <FILEPATH>C:\Users\EB8460P\Downloads\CS-330-master (1)\CS-330-master\includes\</FILEPATH>
      <FILENAME>stb_image.h</FILENAME>
      <LINE>5260</LINE>
      <COLUMN>47</COLUMN>
    </SFA>
    <DEFECTCODE>26451</DEFECTCODE>
    <DESCRIPTION>Arithmetic overflow: Using operator '*' on a 4 byte value and then casting the result to a 8 byte value. Cast the value to the wider type before calling operator '*' to avoid overflow (io.2).</DESCRIPTION>
    <FUNCTION>stbi__bmp_load</FUNCTION>
    <DECORATED>?stbi__bmp_load@@YAPEAXPEAUstbi__context@@PEAH11HPEAUstbi__result_info@@@Z</DECORATED>
    <FUNCLINE>5118</FUNCLINE>
    <PATH></PATH>
  </DEFECT><DEFECT>
    <SFA>
      <FILEPATH>C:\Users\EB8460P\Downloads\CS-330-master (1)\CS-330-master\includes\</FILEPATH>
      <FILENAME>stb_image.h</FILENAME>
      <LINE>5260</LINE>
      <COLUMN>38</COLUMN>
    </SFA>
    <DEFECTCODE>26451</DEFECTCODE>
    <DESCRIPTION>Arithmetic overflow: Using operator '*' on a 4 byte value and then casting the result to a 8 byte value. Cast the value to the wider type before calling operator '*' to avoid overflow (io.2).</DESCRIPTION>
    <FUNCTION>stbi__bmp_load</FUNCTION>
    <DECORATED>?stbi__bmp_load@@YAPEAXPEAUstbi__context@@PEAH11HPEAUstbi__result_info@@@Z</DECORATED>
    <FUNCLINE>5118</FUNCLINE>
    <PATH></PATH>
  </DEFECT><DEFECT>
    <SFA>
      <FILEPATH>C:\Users\EB8460P\Downloads\CS-330-master (1)\CS-330-master\includes\</FILEPATH>
      <FILENAME>stb_image.h</FILENAME>
      <LINE>5261</LINE>
      <COLUMN>59</COLUMN>
    </SFA>
    <DEFECTCODE>26451</DEFECTCODE>
    <DESCRIPTION>Arithmetic overflow: Using operator '*' on a 4 byte value and then casting the result to a 8 byte value. Cast the value to the wider type before calling operator '*' to avoid overflow (io.2).</DESCRIPTION>
    <FUNCTION>stbi__bmp_load</FUNCTION>
    <DECORATED>?stbi__bmp_load@@YAPEAXPEAUstbi__context@@PEAH11HPEAUstbi__result_info@@@Z</DECORATED>
    <FUNCLINE>5118</FUNCLINE>
    <PATH></PATH>
  </DEFECT><DEFECT>
    <SFA>
      <FILEPATH>C:\Users\EB8460P\Downloads\CS-330-master (1)\CS-330-master\includes\</FILEPATH>
      <FILENAME>stb_image.h</FILENAME>
      <LINE>5261</LINE>
      <COLUMN>50</COLUMN>
    </SFA>
    <DEFECTCODE>26451</DEFECTCODE>
    <DESCRIPTION>Arithmetic overflow: Using operator '*' on a 4 byte value and then casting the result to a 8 byte value. Cast the value to the wider type before calling operator '*' to avoid overflow (io.2).</DESCRIPTION>
    <FUNCTION>stbi__bmp_load</FUNCTION>
    <DECORATED>?stbi__bmp_load@@YAPEAXPEAUstbi__context@@PEAH11HPEAUstbi__result_info@@@Z</DECORATED>
    <FUNCLINE>5118</FUNCLINE>
    <PATH></PATH>
  </DEFECT><DEFECT>
    <SFA>
      <FILEPATH>C:\Users\EB8460P\Downloads\CS-330-master (1)\CS-330-master\includes\</FILEPATH>
      <FILENAME>stb_image.h</FILENAME>
      <LINE>5261</LINE>
      <COLUMN>46</COLUMN>
    </SFA>
    <DEFECTCODE>26451</DEFECTCODE>
    <DESCRIPTION>Arithmetic overflow: Using operator '-' on a 4 byte value and then casting the result to a 8 byte value. Cast the value to the wider type before calling operator '-' to avoid overflow (io.2).</DESCRIPTION>
    <FUNCTION>stbi__bmp_load</FUNCTION>
    <DECORATED>?stbi__bmp_load@@YAPEAXPEAUstbi__context@@PEAH11HPEAUstbi__result_info@@@Z</DECORATED>
    <FUNCLINE>5118</FUNCLINE>
    <PATH></PATH>
  </DEFECT><DEFECT>
    <SFA>
      <FILEPATH>C:\Users\EB8460P\Downloads\CS-330-master (1)\CS-330-master\includes\</FILEPATH>
      <FILENAME>stb_image.h</FILENAME>
      <LINE>5479</LINE>
      <COLUMN>55</COLUMN>
    </SFA>
    <DEFECTCODE>26451</DEFECTCODE>
    <DESCRIPTION>Arithmetic overflow: Using operator '*' on a 4 byte value and then casting the result to a 8 byte value. Cast the value to the wider type before calling operator '*' to avoid overflow (io.2).</DESCRIPTION>
    <FUNCTION>stbi__tga_load</FUNCTION>
    <DECORATED>?stbi__tga_load@@YAPEAXPEAUstbi__context@@PEAH11HPEAUstbi__result_info@@@Z</DECORATED>
    <FUNCLINE>5419</FUNCLINE>
    <PATH></PATH>
  </DEFECT><DEFECT>
    <SFA>
      <FILEPATH>C:\Users\EB8460P\Downloads\CS-330-master (1)\CS-330-master\includes\</FILEPATH>
      <FILENAME>stb_image.h</FILENAME>
      <LINE>5479</LINE>
      <COLUMN>45</COLUMN>
    </SFA>
    <DEFECTCODE>26451</DEFECTCODE>
    <DESCRIPTION>Arithmetic overflow: Using operator '*' on a 4 byte value and then casting the result to a 8 byte value. Cast the value to the wider type before calling operator '*' to avoid overflow (io.2).</DESCRIPTION>
    <FUNCTION>stbi__tga_load</FUNCTION>
    <DECORATED>?stbi__tga_load@@YAPEAXPEAUstbi__context@@PEAH11HPEAUstbi__result_info@@@Z</DECORATED>
    <FUNCLINE>5419</FUNCLINE>
    <PATH></PATH>
  </DEFECT><DEFECT>
    <SFA>
      <FILEPATH>C:\Users\EB8460P\Downloads\CS-330-master (1)\CS-330-master\includes\</FILEPATH>
      <FILENAME>stb_image.h</FILENAME>
      <LINE>5747</LINE>
      <COLUMN>43</COLUMN>
    </SFA>
    <DEFECTCODE>26451</DEFECTCODE>
    <DESCRIPTION>Arithmetic overflow: Using operator '*' on a 4 byte value and then casting the result to a 8 byte value. Cast the value to the wider type before calling operator '*' to avoid overflow (io.2).</DESCRIPTION>
    <FUNCTION>stbi__psd_load</FUNCTION>
    <DECORATED>?stbi__psd_load@@YAPEAXPEAUstbi__context@@PEAH11HPEAUstbi__result_info@@H@Z</DECORATED>
    <FUNCLINE>5671</FUNCLINE>
    <PATH></PATH>
  </DEFECT><DEFECT>
    <SFA>
      <FILEPATH>C:\Users\EB8460P\Downloads\CS-330-master (1)\CS-330-master\includes\</FILEPATH>
      <FILENAME>stb_image.h</FILENAME>
      <LINE>5747</LINE>
      <COLUMN>40</COLUMN>
    </SFA>
    <DEFECTCODE>26451</DEFECTCODE>
    <DESCRIPTION>Arithmetic overflow: Using operator '*' on a 4 byte value and then casting the result to a 8 byte value. Cast the value to the wider type before calling operator '*' to avoid overflow (io.2).</DESCRIPTION>
    <FUNCTION>stbi__psd_load</FUNCTION>
    <DECORATED>?stbi__psd_load@@YAPEAXPEAUstbi__context@@PEAH11HPEAUstbi__result_info@@H@Z</DECORATED>
    <FUNCLINE>5671</FUNCLINE>
    <PATH></PATH>
  </DEFECT><DEFECT>
    <SFA>
      <FILEPATH>C:\Users\EB8460P\Downloads\CS-330-master (1)\CS-330-master\includes\</FILEPATH>
      <FILENAME>stb_image.h</FILENAME>
      <LINE>5835</LINE>
      <COLUMN>62</COLUMN>
    </SFA>
    <DEFECTCODE>26451</DEFECTCODE>
    <DESCRIPTION>Arithmetic overflow: Using operator '*' on a 4 byte value and then casting the result to a 8 byte value. Cast the value to the wider type before calling operator '*' to avoid overflow (io.2).</DESCRIPTION>
    <FUNCTION>stbi__psd_load</FUNCTION>
    <DECORATED>?stbi__psd_load@@YAPEAXPEAUstbi__context@@PEAH11HPEAUstbi__result_info@@H@Z</DECORATED>
    <FUNCLINE>5671</FUNCLINE>
    <PATH></PATH>
  </DEFECT><DEFECT>
    <SFA>
      <FILEPATH>C:\Users\EB8460P\Downloads\CS-330-master (1)\CS-330-master\includes\</FILEPATH>
      <FILENAME>stb_image.h</FILENAME>
      <LINE>5848</LINE>
      <COLUMN>47</COLUMN>
    </SFA>
    <DEFECTCODE>26451</DEFECTCODE>
    <DESCRIPTION>Arithmetic overflow: Using operator '*' on a 4 byte value and then casting the result to a 8 byte value. Cast the value to the wider type before calling operator '*' to avoid overflow (io.2).</DESCRIPTION>
    <FUNCTION>stbi__psd_load</FUNCTION>
    <DECORATED>?stbi__psd_load@@YAPEAXPEAUstbi__context@@PEAH11HPEAUstbi__result_info@@H@Z</DECORATED>
    <FUNCLINE>5671</FUNCLINE>
    <PATH></PATH>
  </DEFECT><DEFECT>
    <SFA>
      <FILEPATH>C:\Users\EB8460P\Downloads\CS-330-master (1)\CS-330-master\includes\</FILEPATH>
      <FILENAME>stb_image.h</FILENAME>
      <LINE>5973</LINE>
      <COLUMN>45</COLUMN>
    </SFA>
    <DEFECTCODE>26451</DEFECTCODE>
    <DESCRIPTION>Arithmetic overflow: Using operator '*' on a 4 byte value and then casting the result to a 8 byte value. Cast the value to the wider type before calling operator '*' to avoid overflow (io.2).</DESCRIPTION>
    <FUNCTION>stbi__pic_load_core</FUNCTION>
    <DECORATED>?stbi__pic_load_core@@YAPEAEPEAUstbi__context@@HHPEAHPEAE@Z</DECORATED>
    <FUNCLINE>5940</FUNCLINE>
    <PATH></PATH>
  </DEFECT><DEFECT>
    <SFA>
      <FILEPATH>C:\Users\EB8460P\Downloads\CS-330-master (1)\CS-330-master\includes\</FILEPATH>
      <FILENAME>stb_image.h</FILENAME>
      <LINE>5973</LINE>
      <COLUMN>38</COLUMN>
    </SFA>
    <DEFECTCODE>26451</DEFECTCODE>
    <DESCRIPTION>Arithmetic overflow: Using operator '*' on a 4 byte value and then casting the result to a 8 byte value. Cast the value to the wider type before calling operator '*' to avoid overflow (io.2).</DESCRIPTION>
    <FUNCTION>stbi__pic_load_core</FUNCTION>
    <DECORATED>?stbi__pic_load_core@@YAPEAEPEAUstbi__context@@HHPEAHPEAE@Z</DECORATED>
    <FUNCLINE>5940</FUNCLINE>
    <PATH></PATH>
  </DEFECT><DEFECT>
    <SFA>
      <FILEPATH>C:\Users\EB8460P\Downloads\CS-330-master (1)\CS-330-master\includes\</FILEPATH>
      <FILENAME>stb_image.h</FILENAME>
      <LINE>6071</LINE>
      <COLUMN>29</COLUMN>
    </SFA>
    <DEFECTCODE>26451</DEFECTCODE>
    <DESCRIPTION>Arithmetic overflow: Using operator '*' on a 4 byte value and then casting the result to a 8 byte value. Cast the value to the wider type before calling operator '*' to avoid overflow (io.2).</DESCRIPTION>
    <FUNCTION>stbi__pic_load</FUNCTION>
    <DECORATED>?stbi__pic_load@@YAPEAXPEAUstbi__context@@PEAH11HPEAUstbi__result_info@@@Z</DECORATED>
    <FUNCLINE>6051</FUNCLINE>
    <PATH></PATH>
  </DEFECT><DEFECT>
    <SFA>
      <FILEPATH>C:\Users\EB8460P\Downloads\CS-330-master (1)\CS-330-master\includes\</FILEPATH>
      <FILENAME>stb_image.h</FILENAME>
      <LINE>6071</LINE>
      <COLUMN>26</COLUMN>
    </SFA>
    <DEFECTCODE>26451</DEFECTCODE>
    <DESCRIPTION>Arithmetic overflow: Using operator '*' on a 4 byte value and then casting the result to a 8 byte value. Cast the value to the wider type before calling operator '*' to avoid overflow (io.2).</DESCRIPTION>
    <FUNCTION>stbi__pic_load</FUNCTION>
    <DECORATED>?stbi__pic_load@@YAPEAXPEAUstbi__context@@PEAH11HPEAUstbi__result_info@@@Z</DECORATED>
    <FUNCLINE>6051</FUNCLINE>
    <PATH></PATH>
  </DEFECT><DEFECT>
    <SFA>
      <FILEPATH>C:\Users\EB8460P\Downloads\CS-330-master (1)\CS-330-master\includes\</FILEPATH>
      <FILENAME>stb_image.h</FILENAME>
      <LINE>6356</LINE>
      <COLUMN>86</COLUMN>
    </SFA>
    <DEFECTCODE>26451</DEFECTCODE>
    <DESCRIPTION>Arithmetic overflow: Using operator '-' on a 4 byte value and then casting the result to a 8 byte value. Cast the value to the wider type before calling operator '-' to avoid overflow (io.2).</DESCRIPTION>
    <FUNCTION>stbi__gif_load_next</FUNCTION>
    <DECORATED>?stbi__gif_load_next@@YAPEAEPEAUstbi__context@@PEAUstbi__gif@@PEAHH@Z</DECORATED>
    <FUNCLINE>6326</FUNCLINE>
    <PATH></PATH>
  </DEFECT><DEFECT>
    <SFA>
      <FILEPATH>C:\Users\EB8460P\Downloads\CS-330-master (1)\CS-330-master\includes\</FILEPATH>
      <FILENAME>stb_image.h</FILENAME>
      <LINE>6350</LINE>
      <COLUMN>56</COLUMN>
    </SFA>
    <DEFECTCODE>26451</DEFECTCODE>
    <DESCRIPTION>Arithmetic overflow: Using operator '*' on a 4 byte value and then casting the result to a 8 byte value. Cast the value to the wider type before calling operator '*' to avoid overflow (io.2).</DESCRIPTION>
    <FUNCTION>stbi__gif_load_next</FUNCTION>
    <DECORATED>?stbi__gif_load_next@@YAPEAEPEAUstbi__context@@PEAUstbi__gif@@PEAHH@Z</DECORATED>
    <FUNCLINE>6326</FUNCLINE>
    <PATH></PATH>
  </DEFECT><DEFECT>
    <SFA>
      <FILEPATH>C:\Users\EB8460P\Downloads\CS-330-master (1)\CS-330-master\includes\</FILEPATH>
      <FILENAME>stb_image.h</FILENAME>
      <LINE>6350</LINE>
      <COLUMN>49</COLUMN>
    </SFA>
    <DEFECTCODE>26451</DEFECTCODE>
    <DESCRIPTION>Arithmetic overflow: Using operator '*' on a 4 byte value and then casting the result to a 8 byte value. Cast the value to the wider type before calling operator '*' to avoid overflow (io.2).</DESCRIPTION>
    <FUNCTION>stbi__gif_load_next</FUNCTION>
    <DECORATED>?stbi__gif_load_next@@YAPEAEPEAUstbi__context@@PEAUstbi__gif@@PEAHH@Z</DECORATED>
    <FUNCLINE>6326</FUNCLINE>
    <PATH></PATH>
  </DEFECT><DEFECT>
    <SFA>
      <FILEPATH>C:\Users\EB8460P\Downloads\CS-330-master (1)\CS-330-master\includes\</FILEPATH>
      <FILENAME>stb_image.h</FILENAME>
      <LINE>6346</LINE>
      <COLUMN>56</COLUMN>
    </SFA>
    <DEFECTCODE>26451</DEFECTCODE>
    <DESCRIPTION>Arithmetic overflow: Using operator '*' on a 4 byte value and then casting the result to a 8 byte value. Cast the value to the wider type before calling operator '*' to avoid overflow (io.2).</DESCRIPTION>
    <FUNCTION>stbi__gif_load_next</FUNCTION>
    <DECORATED>?stbi__gif_load_next@@YAPEAEPEAUstbi__context@@PEAUstbi__gif@@PEAHH@Z</DECORATED>
    <FUNCLINE>6326</FUNCLINE>
    <PATH></PATH>
  </DEFECT><DEFECT>
    <SFA>
      <FILEPATH>C:\Users\EB8460P\Downloads\CS-330-master (1)\CS-330-master\includes\</FILEPATH>
      <FILENAME>stb_image.h</FILENAME>
      <LINE>6346</LINE>
      <COLUMN>49</COLUMN>
    </SFA>
    <DEFECTCODE>26451</DEFECTCODE>
    <DESCRIPTION>Arithmetic overflow: Using operator '*' on a 4 byte value and then casting the result to a 8 byte value. Cast the value to the wider type before calling operator '*' to avoid overflow (io.2).</DESCRIPTION>
    <FUNCTION>stbi__gif_load_next</FUNCTION>
    <DECORATED>?stbi__gif_load_next@@YAPEAEPEAUstbi__context@@PEAUstbi__gif@@PEAHH@Z</DECORATED>
    <FUNCLINE>6326</FUNCLINE>
    <PATH></PATH>
  </DEFECT><DEFECT>
    <SFA>
      <FILEPATH>C:\Users\EB8460P\Downloads\CS-330-master (1)\CS-330-master\includes\</FILEPATH>
      <FILENAME>stb_image.h</FILENAME>
      <LINE>6614</LINE>
      <COLUMN>55</COLUMN>
    </SFA>
    <DEFECTCODE>26451</DEFECTCODE>
    <DESCRIPTION>Arithmetic overflow: Using operator '*' on a 4 byte value and then casting the result to a 8 byte value. Cast the value to the wider type before calling operator '*' to avoid overflow (io.2).</DESCRIPTION>
    <FUNCTION>stbi__hdr_load</FUNCTION>
    <DECORATED>?stbi__hdr_load@@YAPEAMPEAUstbi__context@@PEAH11HPEAUstbi__result_info@@@Z</DECORATED>
    <FUNCLINE>6552</FUNCLINE>
    <PATH></PATH>
  </DEFECT><DEFECT>
    <SFA>
      <FILEPATH>C:\Users\EB8460P\Downloads\CS-330-master (1)\CS-330-master\includes\</FILEPATH>
      <FILENAME>stb_image.h</FILENAME>
      <LINE>6614</LINE>
      <COLUMN>47</COLUMN>
    </SFA>
    <DEFECTCODE>26451</DEFECTCODE>
    <DESCRIPTION>Arithmetic overflow: Using operator '*' on a 4 byte value and then casting the result to a 8 byte value. Cast the value to the wider type before calling operator '*' to avoid overflow (io.2).</DESCRIPTION>
    <FUNCTION>stbi__hdr_load</FUNCTION>
    <DECORATED>?stbi__hdr_load@@YAPEAMPEAUstbi__context@@PEAH11HPEAUstbi__result_info@@@Z</DECORATED>
    <FUNCLINE>6552</FUNCLINE>
    <PATH></PATH>
  </DEFECT><DEFECT>
    <SFA>
      <FILEPATH>C:\Users\EB8460P\Downloads\CS-330-master (1)\CS-330-master\includes\</FILEPATH>
      <FILENAME>stb_image.h</FILENAME>
      <LINE>6614</LINE>
      <COLUMN>70</COLUMN>
    </SFA>
    <DEFECTCODE>26451</DEFECTCODE>
    <DESCRIPTION>Arithmetic overflow: Using operator '*' on a 4 byte value and then casting the result to a 8 byte value. Cast the value to the wider type before calling operator '*' to avoid overflow (io.2).</DESCRIPTION>
    <FUNCTION>stbi__hdr_load</FUNCTION>
    <DECORATED>?stbi__hdr_load@@YAPEAMPEAUstbi__context@@PEAH11HPEAUstbi__result_info@@@Z</DECORATED>
    <FUNCLINE>6552</FUNCLINE>
    <PATH></PATH>
  </DEFECT><DEFECT>
    <SFA>
      <FILEPATH>C:\Users\EB8460P\Downloads\CS-330-master (1)\CS-330-master\includes\</FILEPATH>
      <FILENAME>stb_image.h</FILENAME>
      <LINE>6673</LINE>
      <COLUMN>58</COLUMN>
    </SFA>
    <DEFECTCODE>26451</DEFECTCODE>
    <DESCRIPTION>Arithmetic overflow: Using operator '*' on a 4 byte value and then casting the result to a 8 byte value. Cast the value to the wider type before calling operator '*' to avoid overflow (io.2).</DESCRIPTION>
    <FUNCTION>stbi__hdr_load</FUNCTION>
    <DECORATED>?stbi__hdr_load@@YAPEAMPEAUstbi__context@@PEAH11HPEAUstbi__result_info@@@Z</DECORATED>
    <FUNCLINE>6552</FUNCLINE>
    <PATH></PATH>
  </DEFECT><DEFECT>
    <SFA>
      <FILEPATH>C:\Users\EB8460P\Downloads\CS-330-master (1)\CS-330-master\includes\</FILEPATH>
      <FILENAME>stb_image.h</FILENAME>
      <LINE>6673</LINE>
      <COLUMN>54</COLUMN>
    </SFA>
    <DEFECTCODE>26451</DEFECTCODE>
    <DESCRIPTION>Arithmetic overflow: Using operator '+' on a 4 byte value and then casting the result to a 8 byte value. Cast the value to the wider type before calling operator '+' to avoid overflow (io.2).</DESCRIPTION>
    <FUNCTION>stbi__hdr_load</FUNCTION>
    <DECORATED>?stbi__hdr_load@@YAPEAMPEAUstbi__context@@PEAH11HPEAUstbi__result_info@@@Z</DECORATED>
    <FUNCLINE>6552</FUNCLINE>
    <PATH></PATH>
  </DEFECT><DEFECT>
    <SFA>
      <FILEPATH>C:\Users\EB8460P\Downloads\CS-330-master (1)\CS-330-master\includes\</FILEPATH>
      <FILENAME>stb_image.h</FILENAME>
      <LINE>6673</LINE>
      <COLUMN>47</COLUMN>
    </SFA>
    <DEFECTCODE>26451</DEFECTCODE>
    <DESCRIPTION>Arithmetic overflow: Using operator '*' on a 4 byte value and then casting the result to a 8 byte value. Cast the value to the wider type before calling operator '*' to avoid overflow (io.2).</DESCRIPTION>
    <FUNCTION>stbi__hdr_load</FUNCTION>
    <DECORATED>?stbi__hdr_load@@YAPEAMPEAUstbi__context@@PEAH11HPEAUstbi__result_info@@@Z</DECORATED>
    <FUNCLINE>6552</FUNCLINE>
    <PATH></PATH>
  </DEFECT><DEFECT>
    <SFA>
      <FILEPATH>C:\Users\EB8460P\Downloads\CS-330-master (1)\CS-330-master\includes\</FILEPATH>
      <FILENAME>stb_image.h</FILENAME>
      <LINE>6673</LINE>
      <COLUMN>82</COLUMN>
    </SFA>
    <DEFECTCODE>26451</DEFECTCODE>
    <DESCRIPTION>Arithmetic overflow: Using operator '*' on a 4 byte value and then casting the result to a 8 byte value. Cast the value to the wider type before calling operator '*' to avoid overflow (io.2).</DESCRIPTION>
    <FUNCTION>stbi__hdr_load</FUNCTION>
    <DECORATED>?stbi__hdr_load@@YAPEAMPEAUstbi__context@@PEAH11HPEAUstbi__result_info@@@Z</DECORATED>
    <FUNCLINE>6552</FUNCLINE>
    <PATH></PATH>
  </DEFECT></DEFECTS>